<?xml version="1.0" encoding="UTF-8" standalone="yes"?>
<addon id="repository.rocky4546" name="Rocky4546 Pandoki Kodi Addons" version="0.2.2" provider-name="gominoa, rocky4546">
    <requires>
        <import addon="xbmc.python" version="3.0.0"/>
    </requires>
	<extension point="xbmc.addon.repository" name="Rocky4546 Pandoki Kodi Addons">
        <info compressed="false">https://raw.githubusercontent.com/rocky4546/gominoa-xbmc-addons/Matrix/addons.xml</info>
        <checksum>https://raw.githubusercontent.com/rocky4546/gominoa-xbmc-addons/Matrix/addons.xml.md5</checksum>
        <datadir zip="true">https://raw.githubusercontent.com/rocky4546/gominoa-xbmc-addons/Matrix/repo</datadir>
	</extension>
	<extension point="xbmc.addon.metadata">
		<summary lang="en">Pandoki Addons for Kodi</summary>
		<description lang="en">Download and install Pandoki addons</description>
		<platform>all</platform>
	</extension>
</addon>
